{
  "name": "ssf2020-mse",
  "description": "Inference (ans)",
  "results": {
    "q": [
      "ssf2020-mse-1-ans",
      "ssf2020-mse-2-ans",
      "ssf2020-mse-3-ans",
      "ssf2020-mse-4-ans"
    ],
    "psnr-y": [
      34.29936926705496,
      35.45667702811105,
      37.05352347237723,
      38.31578172956194
    ],
    "psnr-u": [
      39.40151596069336,
      40.200689043317524,
      41.26674815586635,
      42.29437364850725
    ],
    "psnr-v": [
      40.11861637660435,
      40.9924327305385,
      41.945712498256135,
      42.66750226702009
    ],
    "psnr-yuv": [
      36.119602748325896,
      37.16997255597796,
      38.57109451293945,
      39.70416859218052
    ],
    "ms-ssim-rgb": [
      0.9313083461352757,
      0.9416986448424203,
      0.9561892833028521,
      0.965738126209804
    ],
    "mse-rgb": [
      35.94637189592634,
      28.5865444455828,
      20.199018478393555,
      15.161578450884138
    ],
    "psnr-rgb": [
      32.82517787388393,
      33.819627489362446,
      35.26726531982422,
      36.49763543265207
    ],
    "bitrate": [
      6399.266742857143,
      9493.081600000001,
      15675.36365714286,
      22579.0208
    ]
  }
}